"Objet magique","VF","VO","Type","Rareté","Lien","Description","Source","Lien_Description"
"Amulette d'antidétection","","Amulet of Proof against Detection and Location","Objet merveilleux","peu commun","Lien","","Dungeon Master´s Guide (SRD)","https://www.aidedd.org/dnd/om.php?vf=amulette-d-antidetection"
"Amulette de bonne santé","","Amulet of Health","Objet merveilleux","rare","Lien","","Dungeon Master´s Guide (SRD)","https://www.aidedd.org/dnd/om.php?vf=amulette-de-bonne-sante"
"Amulette de cicatrisation","","Periapt of Wound Closure","Objet merveilleux","peu commun","Lien","","Dungeon Master´s Guide (SRD)","https://www.aidedd.org/dnd/om.php?vf=amulette-de-cicatrisation"
"Amulette de protection contre le poison","","Periapt of Proof against Poison","Objet merveilleux","rare","","","Dungeon Master´s Guide (SRD)","https://www.aidedd.org/dnd/om.php?vf=amulette-de-protection-contre-le-poison"
"Amulette de santé","","Periapt of Health","Objet merveilleux","peu commun","","","Dungeon Master´s Guide (SRD)","https://www.aidedd.org/dnd/om.php?vf=amulette-de-sante"
"Amulette de sombre éclat","","Dark Shard Amulet","Objet merveilleux","commun","Lien","Lance un sort mineur d'occultiste, soumis à un jet d'Intelligence (Arcanes).","Xanathar´s Guide to Everything","https://www.aidedd.org/dnd/om.php?vf=amulette-de-sombre-eclat"
"Amulette des plans","","Amulet of the Planes","Objet merveilleux","très rare","Lien","","Dungeon Master´s Guide (SRD)","https://www.aidedd.org/dnd/om.php?vf=amulette-des-plans"
"Amulette mécanique","","Clockwork Amulet","Objet merveilleux","commun","","Cette amulette permet d'obtenir 10 au lieu de lancer le d20 d'un jet d'attaque (1/jour).","Xanathar´s Guide to Everything","https://www.aidedd.org/dnd/om.php?vf=amulette-mecanique"
"Anneau d'action libre","","Ring of Free Action","Anneau","rare","Lien","Un terrain difficile ne coûte pas de mouvement extra ; la magie ne peut réduire votre vitesse ni vous paralyser ou entraver.","Dungeon Master´s Guide (SRD)","https://www.aidedd.org/dnd/om.php?vf=anneau-d-action-libre"
"Anneau d'esquive totale","","Ring of Evasion","Anneau","rare","Lien","3 charges pour convertir un jet de sauvegarde de Dextérité raté en réussite.","Dungeon Master´s Guide (SRD)","https://www.aidedd.org/dnd/om.php?vf=anneau-d-esquive-totale"
"Anneau d'influence sur les animaux","Anneau d'influence animale","Ring of Animal Influence","Anneau","rare","","3 charges pour lanceramitié avec les animaux,peuroucommunication avec les animaux.","Dungeon Master´s Guide (SRD)","https://www.aidedd.org/dnd/om.php?vf=anneau-d-influence-sur-les-animaux"
"Anneau d'invisibilité","","Ring of Invisibility","Anneau","légendaire","Lien","Vous devenez invisible jusqu'à ce que l'anneau soit retiré ou que vous attaquiez ou lanciez un sort.","Dungeon Master´s Guide (SRD)","https://www.aidedd.org/dnd/om.php?vf=anneau-d-invisibilite"
"Anneau de barrière mentale","","Ring of Mind Shielding","Anneau","peu commun","Lien","Immunité aux magies qui permettent de lire dans vos pensées.","Dungeon Master´s Guide (SRD)","https://www.aidedd.org/dnd/om.php?vf=anneau-de-barriere-mentale"
"Anneau de chaleur constante","","Ring of Warmth","Anneau","peu commun","Lien","Résistance aux dommages causés par le froid ; insensibles aux basses températures jusqu'à -45 degrés Celsius.","Dungeon Master´s Guide (SRD)","https://www.aidedd.org/dnd/om.php?vf=anneau-de-chaleur-constante"
"Anneau de contrôle des élémentaires","Anneau de maîtrise élémentaire","Ring of Elemental Command","Anneau","légendaire","Lien","","Dungeon Master´s Guide (SRD)","https://www.aidedd.org/dnd/om.php?vf=anneau-de-controle-des-elementaires"
"Anneau de convocation de djinn","","Ring of Djinni Summoning","Anneau","légendaire","Lien","Invoque un djinn amical pendant 1 heure (1/jour).","Dungeon Master´s Guide (SRD)","https://www.aidedd.org/dnd/om.php?vf=anneau-de-convocation-de-djinn"
"Anneau de feu d'étoiles","","Ring of Shooting Stars","Anneau","très rare","Lien","","Dungeon Master´s Guide (SRD)","https://www.aidedd.org/dnd/om.php?vf=anneau-de-feu-d-etoiles"
"Anneau de feuille morte","","Ring of Feather Falling","Anneau","rare","Lien","Aucun dommage dû à une chute.","Dungeon Master´s Guide (SRD)","https://www.aidedd.org/dnd/om.php?vf=anneau-de-feuille-morte"
"Anneau de marche sur l'eau","Anneau de marche sur l'onde","Ring of Water Walking","Anneau","peu commun","","Permet de se déplacer et de rester sur des surfaces liquides.","Dungeon Master´s Guide (SRD)","https://www.aidedd.org/dnd/om.php?vf=anneau-de-marche-sur-l-eau"
"Anneau de nage","","Ring of Swimming","Anneau","peu commun","","Confère une vitesse de nage de 12 m.","Dungeon Master´s Guide (SRD)","https://www.aidedd.org/dnd/om.php?vf=anneau-de-nage"
"Anneau de protection","","Ring of Protection","Anneau","rare","Lien","Confère un bonus de +1 à la CA et aux jets de sauvegarde.","Dungeon Master´s Guide (SRD)","https://www.aidedd.org/dnd/om.php?vf=anneau-de-protection"
"Anneau de rayons X","","Ring of X-ray Vision","Anneau","rare","Lien","Permet de voir à l'intérieur et au travers des matières solides pendant 1 min.","Dungeon Master´s Guide (SRD)","https://www.aidedd.org/dnd/om.php?vf=anneau-de-rayons-x"
"Anneau de régénération","","Ring of Regeneration","Anneau","très rare","Lien","Récupère 1d6 pv toutes les 10 minutes. Si vous perdez une partie de votre corps, la partie manquante repousse après 1d6+1 jours.","Dungeon Master´s Guide (SRD)","https://www.aidedd.org/dnd/om.php?vf=anneau-de-regeneration"
"Anneau de renvoi des sorts","","Ring of Spell Turning","Anneau","légendaire","Lien","Confère un avantage aux jets de sauvegarde contre tout sort qui ne cible que vous.","Dungeon Master´s Guide (SRD)","https://www.aidedd.org/dnd/om.php?vf=anneau-de-renvoi-des-sorts"
"Anneau de résistance","","Ring of Resistance","Anneau","rare","Lien","Résistance à un type de dégâts.","Dungeon Master´s Guide (SRD)","https://www.aidedd.org/dnd/om.php?vf=anneau-de-resistance"
"Anneau de résistance au poison","","Ring of Poison Resistance","Anneau","rare","Lien","Résistance au poison.","Dungeon Master´s Guide (BR)","https://www.aidedd.org/dnd/om.php?vf=anneau-de-resistance-au-poison"
"Anneau de saut","","Ring of Jumping","Anneau","peu commun","Lien","Lancesautmais uniquement pour vous-même.","Dungeon Master´s Guide (SRD)","https://www.aidedd.org/dnd/om.php?vf=anneau-de-saut"
"Anneau de stockage de sort","","Ring of Spell Storing","Anneau","rare","Lien","Cet anneau stocke jusqu'à l'équivalent de 5 niveaux de sorts.","Dungeon Master´s Guide (SRD)","https://www.aidedd.org/dnd/om.php?vf=anneau-de-stockage-de-sort"
"Anneau de télékinésie","","Ring of Telekinesis","Anneau","très rare","Lien","Lancetélékinésie.","Dungeon Master´s Guide (SRD)","https://www.aidedd.org/dnd/om.php?vf=anneau-de-telekinesie"
"Anneau de triple souhait","","Ring of Three Wishes","Anneau","légendaire","","3 charges pour lancer le sortsouhait.","Dungeon Master´s Guide (SRD)","https://www.aidedd.org/dnd/om.php?vf=anneau-de-triple-souhait"
"Anneau du bélier","","Ring of the Ram","Anneau","rare","Lien","3 charges pour réaliser une attaque à distance avec un bonus de +7 et infliger 2d10 dégâts de force.","Dungeon Master´s Guide (SRD)","https://www.aidedd.org/dnd/om.php?vf=anneau-du-belier"
"Arc du serment","","Oathbow","Arme","très rare","Lien","La cible devient un ennemi juré (avantage à l'attaque, +3d6) durant 7 jours. Désavantage à l'attaque avec d'autres armes.","Dungeon Master´s Guide (SRD)","https://www.aidedd.org/dnd/om.php?vf=arc-du-serment"
"Arme +1, +2 ou +3","","Weapon +1, +2, or +3","Arme","peu commun (+1) rare (...","","Arme +1, +2 ou +3 (bonus aux jets d'attaque et de dégâts déterminé par la rareté de l'arme).","Dungeon Master´s Guide (SRD)","https://www.aidedd.org/dnd/om.php?vf=arme-1-2-ou-3"
"Arme vicieuse","","Vicious Weapon","Arme","rare","","Cette arme inflige 7 dégâts supplémentaires en cas de coup critique.","Dungeon Master´s Guide (SRD)","https://www.aidedd.org/dnd/om.php?vf=arme-vicieuse"
"Arme vigilante","","Weapon of Warning","Arme","peu commun","Lien","Confère un avantage aux jets d'initiative et tous les alliés dans un rayon de 9 m ne peuvent être surpris.","Dungeon Master´s Guide","https://www.aidedd.org/dnd/om.php?vf=arme-vigilante"
"Armure +1, +2 ou +3","","Armor +1, +2, or +3","Armure","rare (+1) très rare (...","","Armure +1, +2 ou +3 (bonus à la CA déterminé par la rareté de l'armure).","Dungeon Master´s Guide (SRD)","https://www.aidedd.org/dnd/om.php?vf=armure-1-2-ou-3"
"Armure d'adamantium","","Adamantine Armor","Armure","peu commun","","Cette armure convertit tout coup critique en un coup normal.","Dungeon Master´s Guide (SRD)","https://www.aidedd.org/dnd/om.php?vf=armure-d-adamantium"
"Armure d'écailles de dragon","","Dragon Scale Mail","Armure","très rare","Lien","Bonus de +1 à la CA ; avantage aux JdS contre les souffles des dragons ; résistance à un type de dégâts.","Dungeon Master´s Guide (SRD)","https://www.aidedd.org/dnd/om.php?vf=armure-d-ecailles-de-dragon"
"Armure d'invulnérabilité","","Armor of Invulnerability","Armure","légendaire","Lien","Résistance contre les dégâts non magiques ; immunité aux dégâts non magiques pendant 10 min (1/jour).","Dungeon Master´s Guide (SRD)","https://www.aidedd.org/dnd/om.php?vf=armure-d-invulnerabilite"
"Armure de cuir clouté enchantée","","Glamoured Studded Leather","Armure","rare","","Bonus de +1 à la CA ; prend l'apparence de vêtements ou d'un autre type d'armure.","Dungeon Master´s Guide (SRD)","https://www.aidedd.org/dnd/om.php?vf=armure-de-cuir-cloute-enchantee"
"Armure de matelot","","Mariner's Armor","Armure","peu commun","","Confère une vitesse de nage égale à votre vitesse de marche.","Dungeon Master´s Guide (BR)","https://www.aidedd.org/dnd/om.php?vf=armure-de-matelot"
"Armure de mithral","","Mithral Armor","Armure","peu commun","","Cette armure n'impose pas de désavantage aux jets de Dextérité (Discrétion).","Dungeon Master´s Guide (SRD)","https://www.aidedd.org/dnd/om.php?vf=armure-de-mithral"
"Armure de résistance","","Armor of Resistance","Armure","rare","Lien","Résistance à un type de dégâts.","Dungeon Master´s Guide (SRD)","https://www.aidedd.org/dnd/om.php?vf=armure-de-resistance"
"Armure de vulnérabilité","","Armor of Vulnerability","Armure","rare","Lien","Résistance aux dégâts contondants, perforants ou tranchants ; vulnérabilité aux deux autres. Objet maudit.","Dungeon Master´s Guide (SRD)","https://www.aidedd.org/dnd/om.php?vf=armure-de-vulnerabilite"
"Armure démoniaque","","Demon Armor","Armure","très rare","Lien","Bonus de +1 à la CA ; attaques à mains nues +1, 1d8+1. Objet maudit.","Dungeon Master´s Guide (SRD)","https://www.aidedd.org/dnd/om.php?vf=armure-demoniaque"
"Armure fumante","","Smoldering Armor","Armure","commun","","Cette armure émet des volutes de fumée inoffensive et inodore.","Xanathar´s Guide to Everything","https://www.aidedd.org/dnd/om.php?vf=armure-fumante"
"Armure rapide","","Cast-off Armor","Armure","commun","","Cette armure se retire par une action.","Xanathar´s Guide to Everything","https://www.aidedd.org/dnd/om.php?vf=armure-rapide"
"Armure rutilante","","Armor of Gleaming","Armure","commun","","Cette armure ne se salit jamais.","Xanathar´s Guide to Everything","https://www.aidedd.org/dnd/om.php?vf=armure-rutilante"
"Baguette d'éclairs","","Wand of Lightning Bolts","Baguette","rare","Lien","7 charges pour lancer le sortéclair.","Dungeon Master´s Guide (SRD)","https://www.aidedd.org/dnd/om.php?vf=baguette-d-eclairs"
"Baguette d'Orcus","","Wand of Orcus","Baguette","artéfact","Lien","","Dungeon Master´s Guide","https://www.aidedd.org/dnd/om.php?vf=baguette-d-orcus"
"Baguette de boules de feu","","Wand of Fireballs","Baguette","rare","Lien","7 charges pour lancer le sortboule de feu.","Dungeon Master´s Guide (SRD)","https://www.aidedd.org/dnd/om.php?vf=baguette-de-boules-de-feu"
"Baguette de chef d'orchestre","","Wand of Conducting","Baguette","commun","","3 charges pour créer une musique orchestrale.","Xanathar´s Guide to Everything","https://www.aidedd.org/dnd/om.php?vf=baguette-de-chef-d-orchestre"
"Baguette de détection de l'ennemi","","Wand of Enemy Detection","Baguette","rare","Lien","7 charges pour connaitre la direction de la créature hostile la plus proche dans un rayon de 18 m pendant 1 min.","Dungeon Master´s Guide (SRD)","https://www.aidedd.org/dnd/om.php?vf=baguette-de-detection-de-l-ennemi"
"Baguette de détection de la magie","","Wand of Magic Detection","Baguette","peu commun","","3 charges pour lancer le sortdétection de la magie.","Dungeon Master´s Guide (SRD)","https://www.aidedd.org/dnd/om.php?vf=baguette-de-detection-de-la-magie"
"Baguette de métamorphose","","Wand of Polymorph","Baguette","très rare","Lien","7 charges pour lancer le sortmétamorphose.","Dungeon Master´s Guide (SRD)","https://www.aidedd.org/dnd/om.php?vf=baguette-de-metamorphose"
"Baguette de paralysie","","Wand of Paralysis","Baguette","rare","Lien","7 charges pour jet de sauvegarde de Constitution ou être paralysé pendant 1 min.","Dungeon Master´s Guide (SRD)","https://www.aidedd.org/dnd/om.php?vf=baguette-de-paralysie"
"Baguette de peur","Baguette de terreur","Wand of Fear","Baguette","rare","Lien","7 charges pour ordonner à une créature de fuir, ou JdS de Sagesse dans un cône pour ne pas être effrayé pendant 1 min.","Dungeon Master´s Guide (SRD)","https://www.aidedd.org/dnd/om.php?vf=baguette-de-peur"
"Baguette de projectiles magiques","","Wand of Magic Missiles","Baguette","peu commun","","7 charges pour lancer le sortprojectile magique.","Dungeon Master´s Guide (SRD)","https://www.aidedd.org/dnd/om.php?vf=baguette-de-projectiles-magiques"
"Baguette de pyrotechnicien","","Wand of Pyrotechnics","Baguette","commun","","7 charges pour créer un éclat inoffensif de lumière multicolore.","Xanathar´s Guide to Everything","https://www.aidedd.org/dnd/om.php?vf=baguette-de-pyrotechnicien"
"Baguette de toile d'araignée","Baguette des toiles","Wand of Web","Baguette","peu commun","Lien","7 charges pour lancer le sorttoile d'araignée.","Dungeon Master´s Guide (SRD)","https://www.aidedd.org/dnd/om.php?vf=baguette-de-toile-d-araignee"
"Baguette des entraves","","Wand of Binding","Baguette","rare","Lien","7 charges pour lancerimmobilisation de monstre/personne, ou avantage pour ne pas être paralysé ou entravé.","Dungeon Master´s Guide (SRD)","https://www.aidedd.org/dnd/om.php?vf=baguette-des-entraves"
"Baguette des merveilles","","Wand of Wonder","Baguette","rare","Lien","7 charges pour lancer un sort ou créer un effet déterminé par un d100.","Dungeon Master´s Guide (SRD)","https://www.aidedd.org/dnd/om.php?vf=baguette-des-merveilles"
"Baguette des secrets","","Wand of Secrets","Baguette","peu commun","","3 charges pour détecter une porte secrète ou un piège dans un rayon de 9 m.","Dungeon Master´s Guide (SRD)","https://www.aidedd.org/dnd/om.php?vf=baguette-des-secrets"
"Baguette du grincheux","","Wand of Scowls","Baguette","commun","","3 charges pour forcer un humanoïde à être grincheux pendant 1 min.","Xanathar´s Guide to Everything","https://www.aidedd.org/dnd/om.php?vf=baguette-du-grincheux"
"Baguette du jovial","","Wand of Smiles","Baguette","commun","","3 charges pour forcer un humanoïde à sourire pendant 1 min.","Xanathar´s Guide to Everything","https://www.aidedd.org/dnd/om.php?vf=baguette-du-jovial"
"Baguette du mage de guerre +1, +2 ou +3","","Wand of the War Mage +1, +2, or +3","Baguette","peu commun (+1) rare (...","Lien","","Dungeon Master´s Guide (SRD)","https://www.aidedd.org/dnd/om.php?vf=baguette-du-mage-de-guerre-1-2-ou-3"
"Balai volant","","Broom of Flying","Objet merveilleux","peu commun","","","Dungeon Master´s Guide (SRD)","https://www.aidedd.org/dnd/om.php?vf=balai-volant"
"Bandeau d'intelligence","","Headband of Intellect","Objet merveilleux","peu commun","Lien","","Dungeon Master´s Guide (SRD)","https://www.aidedd.org/dnd/om.php?vf=bandeau-d-intelligence"
"Bateau pliable","","Folding Boat","Objet merveilleux","rare","","","Dungeon Master´s Guide (SRD)","https://www.aidedd.org/dnd/om.php?vf=bateau-pliable"
"Bâton d'envoûtement","","Staff of Charming","Bâton","rare","Lien","10 charges pour lancercharme-personne, injonctionoucompréhension des langues.","Dungeon Master´s Guide (SRD)","https://www.aidedd.org/dnd/om.php?vf=baton-d-envoutement"
"Bâton de feu","","Staff of Fire","Bâton","très rare","Lien","10 charges pour lancermains brûlantes, boule de feuoumur de feu.","Dungeon Master´s Guide (SRD)","https://www.aidedd.org/dnd/om.php?vf=baton-de-feu"
"Bâton de flétrissement","","Staff of Withering","Bâton","rare","Lien","3 charges pour infliger +2d10 dégâts nécrotiques, puis JdS de Constitution ou désavantage pendant 1 h aux jets de For et Con.","Dungeon Master´s Guide (SRD)","https://www.aidedd.org/dnd/om.php?vf=baton-de-fletrissement"
"Bâton de givre","","Staff of Frost","Bâton","très rare","Lien","10 charges pour lancercône de froid, nappe de brouillard, tempête de grêleoumur de glace.","Dungeon Master´s Guide (SRD)","https://www.aidedd.org/dnd/om.php?vf=baton-de-givre"
"Bâton de grand essaim","Bâton du grand essaim","Staff of Swarming Insects","Bâton","rare","Lien","10 charges pour lancerinsecte géantoufléau d'insectes, ou faire apparaître une nuée d'insectes volants.","Dungeon Master´s Guide (SRD)","https://www.aidedd.org/dnd/om.php?vf=baton-de-grand-essaim"
"Bâton de guérison","","Staff of Healing","Bâton","rare","Lien","10 charges pour lancersoins, restauration partielleousoins de groupe.","Dungeon Master´s Guide (SRD)","https://www.aidedd.org/dnd/om.php?vf=baton-de-guerison"
"Bâton de la vipère","","Staff of the Adder","Bâton","peu commun","Lien","Ce bâton peut se transformer en un serpent venimeux pendant 1 minute (1d6 perforants + 3d6 poison).","Dungeon Master´s Guide","https://www.aidedd.org/dnd/om.php?vf=baton-de-la-vipere"
"Bâton de surpuissance","","Staff of Power","Bâton","très rare","Lien","","Dungeon Master´s Guide (SRD)","https://www.aidedd.org/dnd/om.php?vf=baton-de-surpuissance"
"Bâton de tonnerre et de foudre","","Staff of Thunder and Lightning","Bâton","très rare","Lien","","Dungeon Master´s Guide (SRD)","https://www.aidedd.org/dnd/om.php?vf=baton-de-tonnerre-et-de-foudre"
"Bâton des chants d'oiseaux","","Staff of Birdcalls","Bâton","commun","","10 charges pour créer le son d'un oiseau.","Xanathar´s Guide to Everything","https://www.aidedd.org/dnd/om.php?vf=baton-des-chants-d-oiseaux"
"Bâton des forêts","","Staff of the Woodlands","Bâton","rare","Lien","","Dungeon Master´s Guide (SRD)","https://www.aidedd.org/dnd/om.php?vf=baton-des-forets"
"Bâton du python","","Staff of the Python","Bâton","peu commun","Lien","Ce bâton peut se transformer en un serpent constricteur géant sous votre contrôle.","Dungeon Master´s Guide (SRD)","https://www.aidedd.org/dnd/om.php?vf=baton-du-python"
"Bâton du thaumaturge","","Staff of the Magi","Bâton","légendaire","Lien","","Dungeon Master´s Guide (SRD)","https://www.aidedd.org/dnd/om.php?vf=baton-du-thaumaturge"
"Bâton floral","","Staff of Flowers","Bâton","commun","","10 charges pour faire germer une fleur.","Xanathar´s Guide to Everything","https://www.aidedd.org/dnd/om.php?vf=baton-floral"
"Bâton orné","","Staff of Adornment","Bâton","commun","","Fait flotter un objet au-dessus du bâton.","Xanathar´s Guide to Everything","https://www.aidedd.org/dnd/om.php?vf=baton-orne"
"Bâton percussif","","Staff of Striking","Bâton","très rare","Lien","Arme +3 ; 10 charges pour infliger 1d6 dégâts de force supplémentaires.","Dungeon Master´s Guide (SRD)","https://www.aidedd.org/dnd/om.php?vf=baton-percussif"
"Baume de Keoghtom","","Keoghtom's Ointment","Objet merveilleux","peu commun","","1d4+1 doses pour récupérer 2d8+2 pv, cesser d'être empoisonné, et guérir de toute maladie.","Dungeon Master´s Guide (SRD)","https://www.aidedd.org/dnd/om.php?vf=baume-de-keoghtom"
"Bottes ailées","","Winged Boots","Objet merveilleux","peu commun","Lien","","Dungeon Master´s Guide (SRD)","https://www.aidedd.org/dnd/om.php?vf=bottes-ailees"
"Bottes d'empreintes factices","","Boots of False Tracks","Objet merveilleux","commun","","Ces bottes laissent des traces d'un autre type d'humanoïde de même taille.","Xanathar´s Guide to Everything","https://www.aidedd.org/dnd/om.php?vf=bottes-d-empreintes-factices"
"Bottes de lévitation","","Boots of Levitation","Objet merveilleux","rare","Lien","","Dungeon Master´s Guide (SRD)","https://www.aidedd.org/dnd/om.php?vf=bottes-de-levitation"
"Bottes de rapidité","","Boots of Speed","Objet merveilleux","rare","Lien","Ces bottes doublent la vitesse de marche (10 min/jour).","Dungeon Master´s Guide (SRD)","https://www.aidedd.org/dnd/om.php?vf=bottes-de-rapidite"
"Bottes de sept lieues","","Boots of Striding and Springing","Objet merveilleux","peu commun","Lien","","Dungeon Master´s Guide (SRD)","https://www.aidedd.org/dnd/om.php?vf=bottes-de-sept-lieues"
"Bottes des terres gelées","","Boots of the Winterlands","Objet merveilleux","peu commun","Lien","","Dungeon Master´s Guide (SRD)","https://www.aidedd.org/dnd/om.php?vf=bottes-des-terres-gelees"
"Bottes elfiques","","Boots of Elvenkind","Objet merveilleux","peu commun","","","Dungeon Master´s Guide (SRD)","https://www.aidedd.org/dnd/om.php?vf=bottes-elfiques"
"Bouclier +1, +2 ou +3","","Shield, +1, +2, or +3","Armure","peu commun (+1) rare (...","","Bouclier +1, +2 ou +3 (bonus à la CA déterminé par la rareté du bouclier).","Dungeon Master´s Guide (SRD)","https://www.aidedd.org/dnd/om.php?vf=bouclier-1-2-ou-3"
"Bouclier animé","","Animated Shield","Armure","très rare","Lien","","Dungeon Master´s Guide (SRD)","https://www.aidedd.org/dnd/om.php?vf=bouclier-anime"
"Bouclier antiprojectiles","","Arrow-Catching Shield","Armure","rare","Lien","Bonus de +2 à la CA contre les attaques à distance.","Dungeon Master´s Guide (SRD)","https://www.aidedd.org/dnd/om.php?vf=bouclier-antiprojectiles"
"Bouclier d'attraction des projectiles","","Shield of Missile Attraction","Armure","rare","Lien","Résistance aux dégâts des attaques à distance avec une arme. Objet maudit.","Dungeon Master´s Guide (SRD)","https://www.aidedd.org/dnd/om.php?vf=bouclier-d-attraction-des-projectiles"
"Bouclier expressif","","Shield of Expression","Armure","commun","","Ce bouclier à la forme d'un visage peut modifier l'expression de ce dernier.","Xanathar´s Guide to Everything","https://www.aidedd.org/dnd/om.php?vf=bouclier-expressif"
"Bouclier gardesort","","Spellguard Shield","Armure","très rare","Lien","Confère un avantage aux jets de sauvegarde contre des sorts ; les attaques avec un sort contre vous ont un désavantage.","Dungeon Master´s Guide (SRD)","https://www.aidedd.org/dnd/om.php?vf=bouclier-gardesort"
"Bouclier sentinelle","","Sentinel Shield","Armure","peu commun","","Confère un avantage aux jets d'initiative et de Sagesse (Perception).","Dungeon Master´s Guide","https://www.aidedd.org/dnd/om.php?vf=bouclier-sentinelle"
"Boule de cristal","","Crystal Ball","Objet merveilleux","très rare ou légendaire","Lien","","Dungeon Master´s Guide (SRD)","https://www.aidedd.org/dnd/om.php?vf=boule-de-cristal"
"Bourse à épices magique d'Heward","Bourse à épices d'Heward","Heward's Handy Spice Pouch","Objet merveilleux","commun","","10 charges pour obtenir un assaisonnement alimentaire (sel, poivre, etc).","Xanathar´s Guide to Everything","https://www.aidedd.org/dnd/om.php?vf=bourse-a-epices-magique-d-heward"
"Bouteille de l'éfrit","Bouteille du mauvais génie","Efreeti Bottle","Objet merveilleux","très rare","","","Dungeon Master´s Guide (SRD)","https://www.aidedd.org/dnd/om.php?vf=bouteille-de-l-efrit"
"Bouteille fumigène","Urne fumigène","Eversmoking Bottle","Objet merveilleux","peu commun","","","Dungeon Master´s Guide (SRD)","https://www.aidedd.org/dnd/om.php?vf=bouteille-fumigene"
"Bracelets d'archer","","Bracers of Archery","Objet merveilleux","peu commun","Lien","+2 aux jets de dégâts des attaques à distance avec un arc long ou court.","Dungeon Master´s Guide (SRD)","https://www.aidedd.org/dnd/om.php?vf=bracelets-d-archer"
"Bracelets de défense","","Bracers of Defense","Objet merveilleux","rare","Lien","Bonus de +2 à la CA sans amure ni bouclier.","Dungeon Master´s Guide (SRD)","https://www.aidedd.org/dnd/om.php?vf=bracelets-de-defense"
"Brasero de contrôle des élémentaires du feu","","Brazier of Commanding Fire Elementals","Objet merveilleux","rare","","","Dungeon Master´s Guide (SRD)","https://www.aidedd.org/dnd/om.php?vf=brasero-de-controle-des-elementaires-du-feu"
"Broche de défense","","Brooch of Shielding","Objet merveilleux","peu commun","Lien","","Dungeon Master´s Guide (SRD)","https://www.aidedd.org/dnd/om.php?vf=broche-de-defense"
"Cadenas sournois","","Lock of Trickery","Objet merveilleux","commun","","Cette serrure magique impose un désavantage aux jets de crochetage.","Xanathar´s Guide to Everything","https://www.aidedd.org/dnd/om.php?vf=cadenas-sournois"
"Canne de vétéran","","Veteran's Cane","Objet merveilleux","commun","","Cette canne se transforme en épée longue ordinaire une fois.","Xanathar´s Guide to Everything","https://www.aidedd.org/dnd/om.php?vf=canne-de-veteran"
"Cape à la mode","","Cloak of Many Fashions","Objet merveilleux","commun","","Cette cape peut changer de style, de couleur et de qualité.","Xanathar´s Guide to Everything","https://www.aidedd.org/dnd/om.php?vf=cape-a-la-mode"
"Cape d'invisibilité","","Cloak of Invisibility","Objet merveilleux","légendaire","Lien","Cette cape rend invisible pour une durée maximum de 2 heures.","Dungeon Master´s Guide","https://www.aidedd.org/dnd/om.php?vf=cape-d-invisibilite"
"Cape de déplacement","","Cloak of Displacement","Objet merveilleux","rare","Lien","","Dungeon Master´s Guide (SRD)","https://www.aidedd.org/dnd/om.php?vf=cape-de-deplacement"
"Cape de l'arachnide","","Cloak of Arachnida","Objet merveilleux","très rare","Lien","","Dungeon Master´s Guide (SRD)","https://www.aidedd.org/dnd/om.php?vf=cape-de-l-arachnide"
"Cape de la chauve-souris","","Cloak of the Bat","Objet merveilleux","rare","Lien","","Dungeon Master´s Guide (SRD)","https://www.aidedd.org/dnd/om.php?vf=cape-de-la-chauve-souris"
"Cape de la raie manta","","Cloak of the Manta Ray","Objet merveilleux","peu commun","","","Dungeon Master´s Guide (SRD)","https://www.aidedd.org/dnd/om.php?vf=cape-de-la-raie-manta"
"Cape de protection","","Cloak of Protection","Objet merveilleux","peu commun","Lien","","Dungeon Master´s Guide (SRD)","https://www.aidedd.org/dnd/om.php?vf=cape-de-protection"
"Cape de vol","","Wings of Flying","Objet merveilleux","rare","Lien","Confère une vitesse de vol de 18 m pendant 1 heure.","Dungeon Master´s Guide (SRD)","https://www.aidedd.org/dnd/om.php?vf=cape-de-vol"
"Cape du prestidigitateur","Cape de prestidigitateur","Cape of the Mountebank","Objet merveilleux","rare","","","Dungeon Master´s Guide (SRD)","https://www.aidedd.org/dnd/om.php?vf=cape-du-prestidigitateur"
"Cape elfique","","Cloak of Elvenkind","Objet merveilleux","peu commun","Lien","Désavantage aux jets de Sagesse (Perception) pour vous voir ; avantage aux jets de Dextérité (Discrétion) pour vous cacher.","Dungeon Master´s Guide (SRD)","https://www.aidedd.org/dnd/om.php?vf=cape-elfique"
"Cape virevoltante","","Cloak of Billowing","Objet merveilleux","commun","","Cette cape peut tournoyer de façon spectaculaire.","Xanathar´s Guide to Everything","https://www.aidedd.org/dnd/om.php?vf=cape-virevoltante"
"Capuchon de respiration aquatique","","Cap of Water Breathing","Objet merveilleux","peu commun","","Ce capuchon permet de respirer normalement sous l'eau.","Dungeon Master´s Guide","https://www.aidedd.org/dnd/om.php?vf=capuchon-de-respiration-aquatique"
"Carafe intarissable","","Decanter of Endless Water","Objet merveilleux","peu commun","","","Dungeon Master´s Guide (SRD)","https://www.aidedd.org/dnd/om.php?vf=carafe-intarissable"
"Carillon d'ouverture","","Chime of Opening","Objet merveilleux","rare","","","Dungeon Master´s Guide (SRD)","https://www.aidedd.org/dnd/om.php?vf=carillon-d-ouverture"
"Carquois d'Ehlonna","","Quiver of Ehlonna","Objet merveilleux","peu commun","","","Dungeon Master´s Guide (SRD)","https://www.aidedd.org/dnd/om.php?vf=carquois-d-ehlonna"
"Cartes d'illusion","","Deck of Illusions","Objet merveilleux","peu commun","","","Dungeon Master´s Guide (SRD)","https://www.aidedd.org/dnd/om.php?vf=cartes-d-illusion"
"Cartes merveilleuses","","Deck of Many Things","Objet merveilleux","légendaire","","","Dungeon Master´s Guide (SRD)","https://www.aidedd.org/dnd/om.php?vf=cartes-merveilleuses"
"Ceinturon de force de géant","","Belt of Giant Strength","Objet merveilleux","variable","Lien","","Dungeon Master´s Guide (SRD)","https://www.aidedd.org/dnd/om.php?vf=ceinturon-de-force-de-geant"
"Ceinturon des nains","","Belt of Dwarvenkind","Objet merveilleux","rare","Lien","","Dungeon Master´s Guide (SRD)","https://www.aidedd.org/dnd/om.php?vf=ceinturon-des-nains"
"Chandelle des profondeurs","","Candle of the Deep","Objet merveilleux","commun","","Cette bougie ne s'éteint pas lorsqu'elle est immergée dans l'eau.","Xanathar´s Guide to Everything","https://www.aidedd.org/dnd/om.php?vf=chandelle-des-profondeurs"
"Chapeau de déguisement","","Hat of Disguise","Objet merveilleux","peu commun","Lien","","Dungeon Master´s Guide (SRD)","https://www.aidedd.org/dnd/om.php?vf=chapeau-de-deguisement"
"Chapeau de magicien","","Hat of Wizardry","Objet merveilleux","commun","Lien","Lance un sort mineur de magicien, soumis à un jet d'Intelligence (Arcanes).","Xanathar´s Guide to Everything","https://www.aidedd.org/dnd/om.php?vf=chapeau-de-magicien"
"Chapeau de vermine","","Hat of Vermin","Objet merveilleux","commun","","3 charges pour invoquer une chauve-souris, une grenouille ou un rat ordinaire durant 1 heure.","Xanathar´s Guide to Everything","https://www.aidedd.org/dnd/om.php?vf=chapeau-de-vermine"
"Chaussons de pattes d'araignée","Chaussons de l'araignée","Slippers of Spider Climbing","Objet merveilleux","peu commun","Lien","","Dungeon Master´s Guide (SRD)","https://www.aidedd.org/dnd/om.php?vf=chaussons-de-pattes-d-araignee"
"Chope de sobriété","","Tankard of Sobriety","Objet merveilleux","commun","","Cette chope permet de boire de l'alcool sans s'enivrer.","Xanathar´s Guide to Everything","https://www.aidedd.org/dnd/om.php?vf=chope-de-sobriete"
"Cierge d'invocation","","Candle of Invocation","Objet merveilleux","très rare","Lien","","Dungeon Master´s Guide (SRD)","https://www.aidedd.org/dnd/om.php?vf=cierge-d-invocation"
"Cimeterre de rapidité","Cimeterre de célérité","Scimitar of Speed","Arme","très rare","Lien","Arme +2 ; 1 attaque supplémentaire par round avec une action bonus.","Dungeon Master´s Guide (SRD)","https://www.aidedd.org/dnd/om.php?vf=cimeterre-de-rapidite"
"Clé mystérieuse","","Mystery Key","Objet merveilleux","commun","","Cette clé a 5% de chances de déverrouiller une serrure une fois.","Xanathar´s Guide to Everything","https://www.aidedd.org/dnd/om.php?vf=cle-mysterieuse"
"Colle universelle","","Sovereign Glue","Objet merveilleux","légendaire","","","Dungeon Master´s Guide (SRD)","https://www.aidedd.org/dnd/om.php?vf=colle-universelle"
"Collier d'adaptation","","Necklace of Adaptation","Objet merveilleux","peu commun","Lien","","Dungeon Master´s Guide (SRD)","https://www.aidedd.org/dnd/om.php?vf=collier-d-adaptation"
"Collier de boules de feu","","Necklace of Fireballs","Objet merveilleux","rare","","1d6+3 perles pour lancerboule de feu.","Dungeon Master´s Guide (SRD)","https://www.aidedd.org/dnd/om.php?vf=collier-de-boules-de-feu"
"Collier de perles de prière","Chapelet","Necklace of Prayer Beads","Objet merveilleux","rare","Lien","","Dungeon Master´s Guide (SRD)","https://www.aidedd.org/dnd/om.php?vf=collier-de-perles-de-priere"
"Cor de dévastation","","Horn of Blasting","Objet merveilleux","rare","","","Dungeon Master´s Guide (SRD)","https://www.aidedd.org/dnd/om.php?vf=cor-de-devastation"
"Cor du Valhalla","","Horn of Valhalla","Objet merveilleux","rare (argent ou airain...","","","Dungeon Master´s Guide (SRD)","https://www.aidedd.org/dnd/om.php?vf=cor-du-valhalla"
"Corde d'enchevêtrement","","Rope of Entanglement","Objet merveilleux","rare","","","Dungeon Master´s Guide (SRD)","https://www.aidedd.org/dnd/om.php?vf=corde-d-enchevetrement"
"Corde d'escalade","","Rope of Climbing","Objet merveilleux","peu commun","","","Dungeon Master´s Guide (SRD)","https://www.aidedd.org/dnd/om.php?vf=corde-d-escalade"
"Corde réparable","","Rope of Mending","Objet merveilleux","commun","","Cette corde peut être coupée en morceaux et se recoller.","Xanathar´s Guide to Everything","https://www.aidedd.org/dnd/om.php?vf=corde-reparable"
"Corne d'alarme silencieuse","","Horn of Silent Alarm","Objet merveilleux","commun","","4 charges pour que seule une créature en particulier entende la corne qui retentit.","Xanathar´s Guide to Everything","https://www.aidedd.org/dnd/om.php?vf=corne-d-alarme-silencieuse"
"Cornet acoustique","","Ear Horn of Hearing","Objet merveilleux","commun","","Ce cornet supprime les effets de l'état assourdi sur vous-même.","Xanathar´s Guide to Everything","https://www.aidedd.org/dnd/om.php?vf=cornet-acoustique"
"Cruche alchimique","","Alchemy Jug","Objet merveilleux","peu commun","","","Dungeon Master´s Guide (BR)","https://www.aidedd.org/dnd/om.php?vf=cruche-alchimique"
"Cube de force","","Cube of Force","Objet merveilleux","rare","Lien","","Dungeon Master´s Guide (SRD)","https://www.aidedd.org/dnd/om.php?vf=cube-de-force"
"Cube des plans","","Cubic Gate","Objet merveilleux","légendaire","","","Dungeon Master´s Guide (SRD)","https://www.aidedd.org/dnd/om.php?vf=cube-des-plans"
"Dague venimeuse","","Dagger of Venom","Arme","rare","","Arme +1 ; JdS de Constitution ou subir 2d10 dégâts de poison et être empoisonné durant 1 min (1/jour).","Dungeon Master´s Guide (SRD)","https://www.aidedd.org/dnd/om.php?vf=dague-venimeuse"
"Dé de charlatan","","Charlatan's Die","Objet merveilleux","commun","Lien","Ce dé à six faces permet de contrôler son résultat.","Xanathar´s Guide to Everything","https://www.aidedd.org/dnd/om.php?vf=de-de-charlatan"
"Déluge","","Whelm","Arme","légendaire","Lien","Arme +3 ; retour ; onde de choc ;détection du mal et du bien, localisation d'objet; conscience ; protéger les nains.","Dungeon Master´s Guide","https://www.aidedd.org/dnd/om.php?vf=deluge"
"Diadème de destruction","","Circlet of Blasting","Objet merveilleux","peu commun","","","Dungeon Master´s Guide (SRD)","https://www.aidedd.org/dnd/om.php?vf=diademe-de-destruction"
"Élixir de jouvence","","Potion of Longevity","Potion","très rare","","Votre âge physique est réduit de 1d6 + 6 ans.","Dungeon Master´s Guide (BR)","https://www.aidedd.org/dnd/om.php?vf=elixir-de-jouvence"
"Élixir de santé","","Elixir of Health","Potion","rare","","Guérit toute maladie et élimine les états aveuglé, assourdi, paralysé et empoisonné.","Dungeon Master´s Guide (BR)","https://www.aidedd.org/dnd/om.php?vf=elixir-de-sante"
"Encensoir de contrôle des élémentaires de l'air","","Censer of Controlling Air Elementals","Objet merveilleux","rare","","","Dungeon Master´s Guide (SRD)","https://www.aidedd.org/dnd/om.php?vf=encensoir-de-controle-des-elementaires-de-l-air"
"Épée acérée","","Sword of Sharpness","Arme","très rare","Lien","","Dungeon Master´s Guide (SRD)","https://www.aidedd.org/dnd/om.php?vf=epee-aceree"
"Épée ardente","","Flame Tongue","Arme","rare","Lien","","Dungeon Master´s Guide (SRD)","https://www.aidedd.org/dnd/om.php?vf=epee-ardente"
"Épée dansante","","Dancing Sword","Arme","très rare","Lien","","Dungeon Master´s Guide (SRD)","https://www.aidedd.org/dnd/om.php?vf=epee-dansante"
"Épée de Kas","","Sword of Kas","Objet merveilleux","artéfact","Lien","","Dungeon Master´s Guide","https://www.aidedd.org/dnd/om.php?vf=epee-de-kas"
"Épée de lumière lunaire","","Moon-touched Sword","Arme","commun","","Cette épée émet une lumière vive dans un rayon de 4,50 m et une lumière faible sur 4,50 m supplémentaires.","Xanathar´s Guide to Everything","https://www.aidedd.org/dnd/om.php?vf=epee-de-lumiere-lunaire"
"Épée de réponse","","Sword of Answering","Arme","légendaire","Lien","Arme +3 ; avantage aux jets d'attaque ; le dégâts ignorent l'immunité ou la résistance.","Dungeon Master´s Guide","https://www.aidedd.org/dnd/om.php?vf=epee-de-reponse"
"Épée mordante","","Sword of Wounding","Arme","rare","Lien","","Dungeon Master´s Guide (SRD)","https://www.aidedd.org/dnd/om.php?vf=epee-mordante"
"Épée radieuse","","Sun Blade","Arme","rare","Lien","","Dungeon Master´s Guide (SRD)","https://www.aidedd.org/dnd/om.php?vf=epee-radieuse"
"Épée vengeresse","","Sword of Vengeance","Arme","peu commun","Lien","Arme +1. Objet maudit.","Dungeon Master´s Guide","https://www.aidedd.org/dnd/om.php?vf=epee-vengeresse"
"Épée voleuse de vie","","Sword of Life Stealing","Arme","rare","Lien","","Dungeon Master´s Guide (SRD)","https://www.aidedd.org/dnd/om.php?vf=epee-voleuse-de-vie"
"Épée vorpale","","Vorpal Sword","Arme","légendaire","Lien","","Dungeon Master´s Guide (SRD)","https://www.aidedd.org/dnd/om.php?vf=epee-vorpale"
"Éventail enchanté","","Wind Fan","Objet merveilleux","peu commun","","","Dungeon Master´s Guide (SRD)","https://www.aidedd.org/dnd/om.php?vf=eventail-enchante"
"Fer gelé","","Frost Brand","Arme","très rare","Lien","+1d6 dégâts de froid ; résistance au feu ; émet de la lumière s'il fait très froid ; éteint les flammes non magiques (1/h).","Dungeon Master´s Guide (SRD)","https://www.aidedd.org/dnd/om.php?vf=fer-gele"
"Fers de rapidité","","Horseshoes of Speed","Objet merveilleux","rare","","","Dungeon Master´s Guide (SRD)","https://www.aidedd.org/dnd/om.php?vf=fers-de-rapidite"
"Fers de zéphyr","Fers du zéphyr","Horseshoes of a Zephyr","Objet merveilleux","très rare","","","Dungeon Master´s Guide (SRD)","https://www.aidedd.org/dnd/om.php?vf=fers-de-zephyr"
"Figurine merveilleuse","","Figurine of Wondrous Power","Objet merveilleux","rareté selon le type ...","","","Dungeon Master´s Guide (SRD)","https://www.aidedd.org/dnd/om.php?vf=figurine-merveilleuse"
"Flasque de fer","","Iron Flask","Objet merveilleux","légendaire","","","Dungeon Master´s Guide (SRD)","https://www.aidedd.org/dnd/om.php?vf=flasque-de-fer"
"Flèche incassable","","Unbreakable Arrow","Arme","commun","","Cette flèche ne peut pas être brisée, sauf si elle se trouve dans unchamp antimagie.","Xanathar´s Guide to Everything","https://www.aidedd.org/dnd/om.php?vf=fleche-incassable"
"Flèche tueuse","","Arrow of Slaying","Arme","très rare","","","Dungeon Master´s Guide (SRD)","https://www.aidedd.org/dnd/om.php?vf=fleche-tueuse"
"Flûte des égouts","","Pipes of the Sewers","Objet merveilleux","peu commun","Lien","","Dungeon Master´s Guide (SRD)","https://www.aidedd.org/dnd/om.php?vf=flute-des-egouts"
"Flûte terrifiante","","Pipes of Haunting","Objet merveilleux","peu commun","","","Dungeon Master´s Guide (SRD)","https://www.aidedd.org/dnd/om.php?vf=flute-terrifiante"
"Forteresse instantanée de Daern","","Daern's Instant Fortress","Objet merveilleux","rare","","","Dungeon Master´s Guide (SRD)","https://www.aidedd.org/dnd/om.php?vf=forteresse-instantanee-de-daern"
"Gantelets de puissance d'ogre","","Gauntlets of Ogre Power","Objet merveilleux","peu commun","Lien","","Dungeon Master´s Guide (SRD)","https://www.aidedd.org/dnd/om.php?vf=gantelets-de-puissance-d-ogre"
"Gants de chapardeur","","Gloves of Thievery","Objet merveilleux","peu commun","","Confère un bonus de +5 aux jets de Dextérité (Escamotage) et aux jets pour crocheter des serrures.","Dungeon Master´s Guide","https://www.aidedd.org/dnd/om.php?vf=gants-de-chapardeur"
"Gants de nage et d'escalade","","Gloves of Swimming and Climbing","Objet merveilleux","peu commun","Lien","","Dungeon Master´s Guide (SRD)","https://www.aidedd.org/dnd/om.php?vf=gants-de-nage-et-d-escalade"
"Gants piégeurs de projectiles","","Gloves of Missile Snaring","Objet merveilleux","peu commun","Lien","","Dungeon Master´s Guide (SRD)","https://www.aidedd.org/dnd/om.php?vf=gants-piegeurs-de-projectiles"
"Gardienne","","Defender","Arme","légendaire","Lien","Arme +3 ; ce bonus peut se répartir partiellement avec la CA.","Dungeon Master´s Guide (SRD)","https://www.aidedd.org/dnd/om.php?vf=gardienne"
"Gemme d'illumination","","Gem of Brightness","Objet merveilleux","peu commun","","","Dungeon Master´s Guide (SRD)","https://www.aidedd.org/dnd/om.php?vf=gemme-d-illumination"
"Gemme de vision","","Gem of Seeing","Objet merveilleux","rare","Lien","3 charges pour gagner vision véritable à 36 m durant 10 min.","Dungeon Master´s Guide (SRD)","https://www.aidedd.org/dnd/om.php?vf=gemme-de-vision"
"Gemme élémentaire","","Elemental Gem","Objet merveilleux","peu commun","","","Dungeon Master´s Guide (SRD)","https://www.aidedd.org/dnd/om.php?vf=gemme-elementaire"
"Globe flottant","","Driftglobe","Objet merveilleux","peu commun","","","Dungeon Master´s Guide (BR)","https://www.aidedd.org/dnd/om.php?vf=globe-flottant"
"Grimoire résistant","","Enduring Spellbook","Objet merveilleux","commun","","Ce grimoire ne peut pas être endommagé par le feu, l'eau ou l'âge.","Xanathar´s Guide to Everything","https://www.aidedd.org/dnd/om.php?vf=grimoire-resistant"
"Hache des seigneurs nains","","Axe of the Dwarvish Lords","Arme","artéfact","Lien","","Dungeon Master´s Guide","https://www.aidedd.org/dnd/om.php?vf=hache-des-seigneurs-nains"
"Hache du berserker","","Berserker Axe","Arme","rare","Lien","","Dungeon Master´s Guide (SRD)","https://www.aidedd.org/dnd/om.php?vf=hache-du-berserker"
"Harnois éthéré","","Plate Armor of Etherealness","Armure","légendaire","Lien","Cconfère l'effet du sortforme éthéréedurant 10 min (1/jour).","Dungeon Master´s Guide (SRD)","https://www.aidedd.org/dnd/om.php?vf=harnois-ethere"
"Harnois nain","","Dwarven Plate","Armure","très rare","","Bonus de +2 à la CA ; réduit la distance sur laquelle vous êtes déplacé de 3 m.","Dungeon Master´s Guide (SRD)","https://www.aidedd.org/dnd/om.php?vf=harnois-nain"
"Havresac magique d'Hévard","","Heward's Handy Haversack","Objet merveilleux","rare","","","Dungeon Master´s Guide (SRD)","https://www.aidedd.org/dnd/om.php?vf=havresac-magique-d-hevard"
"Heaume de compréhension des langues","","Helm of Comprehending Languages","Objet merveilleux","peu commun","","Lance le sortcompréhension des languesà volonté.","Dungeon Master´s Guide (SRD)","https://www.aidedd.org/dnd/om.php?vf=heaume-de-comprehension-des-langues"
"Heaume de télépathie","","Helm of Telepathy","Objet merveilleux","peu commun","Lien","Lancedétection des pensées, puissuggestion(1/jour).","Dungeon Master´s Guide (SRD)","https://www.aidedd.org/dnd/om.php?vf=heaume-de-telepathie"
"Heaume de téléportation","","Helm of Teleportation","Objet merveilleux","rare","Lien","3 charges pour lancer le sorttéléportation.","Dungeon Master´s Guide (SRD)","https://www.aidedd.org/dnd/om.php?vf=heaume-de-teleportation"
"Heaume effrayant","","Dread Helm","Objet merveilleux","commun","","Ce redoutable casque en acier fait briller vos yeux en rouge.","Xanathar´s Guide to Everything","https://www.aidedd.org/dnd/om.php?vf=heaume-effrayant"
"Heaume scintillant","","Helm of Brilliance","Objet merveilleux","très rare","Lien","","Dungeon Master´s Guide (SRD)","https://www.aidedd.org/dnd/om.php?vf=heaume-scintillant"
"Huile d'affûtage","","Oil of Sharpness","Potion","très rare","","La munition enduite est magique (+3) pendant 1 heure.","Dungeon Master´s Guide (SRD)","https://www.aidedd.org/dnd/om.php?vf=huile-d-affutage"
"Huile d'insaisissabilité","","Oil of Slipperiness","Potion","peu commun","","Confère l'effet des sortsliberté de mouvementougraissependant 8 heures.","Dungeon Master´s Guide (SRD)","https://www.aidedd.org/dnd/om.php?vf=huile-d-insaisissabilite"
"Huile éthérée","","Oil of Etherealness","Potion","rare","","Confère l'effet du sortforme éthéréependant 1 heure.","Dungeon Master´s Guide (SRD)","https://www.aidedd.org/dnd/om.php?vf=huile-etheree"
"Instrument à illusions","","Instrument of Illusions","Objet merveilleux","commun","Lien","Cet instrument de musique crée des effets visuels inoffensifs et illusoires, sans son.","Xanathar´s Guide to Everything","https://www.aidedd.org/dnd/om.php?vf=instrument-a-illusions"
"Instrument à message","","Instrument of Scribing","Objet merveilleux","commun","Lien","3 charges pour écrire un message magique sur un objet durant 24 heures.","Xanathar´s Guide to Everything","https://www.aidedd.org/dnd/om.php?vf=instrument-a-message"
"Instrument de barde","","Instrument of the Bards","Objet merveilleux","variable","Lien","Ces instruments de musique permettent de lancer certains sorts.","Dungeon Master´s Guide","https://www.aidedd.org/dnd/om.php?vf=instrument-de-barde"
"Jatte de contrôle des élémentaires de l'eau","","Bowl of Commanding Water Elementals","Objet merveilleux","rare","","","Dungeon Master´s Guide (SRD)","https://www.aidedd.org/dnd/om.php?vf=jatte-de-controle-des-elementaires-de-l-eau"
"Javeline de foudre","","Javelin of Lightning","Arme","peu commun","","","Dungeon Master´s Guide (SRD)","https://www.aidedd.org/dnd/om.php?vf=javeline-de-foudre"
"Lame porte-bonheur","","Luck Blade","Arme","légendaire","Lien","","Dungeon Master´s Guide (SRD)","https://www.aidedd.org/dnd/om.php?vf=lame-porte-bonheur"
"Lamelune","","Moonblade","Arme","légendaire","Lien","Arme +1 ; propriété spéciale ; conscience ; protéger les elfes.","Dungeon Master´s Guide","https://www.aidedd.org/dnd/om.php?vf=lamelune"
"Lanterne de révélation","","Lantern of Revealing","Objet merveilleux","peu commun","","","Dungeon Master´s Guide (SRD)","https://www.aidedd.org/dnd/om.php?vf=lanterne-de-revelation"
"Les Chapitres interdits","","Book of Vile Darkness","Objet merveilleux","artéfact","Lien","","Dungeon Master´s Guide","https://www.aidedd.org/dnd/om.php?vf=les-chapitres-interdits"
"Les Chapitres sacrés","","Book of Exalted Deeds","Objet merveilleux","artéfact","Lien","","Dungeon Master´s Guide","https://www.aidedd.org/dnd/om.php?vf=les-chapitres-sacres"
"Liens de fer de Bilarro","","Iron Bands of Bilarro","Objet merveilleux","rare","","","Dungeon Master´s Guide (SRD)","https://www.aidedd.org/dnd/om.php?vf=liens-de-fer-de-bilarro"
"Lunettes de nuit","Lunettes du nyctalope","Goggles of Night","Objet merveilleux","peu commun","","","Dungeon Master´s Guide (SRD)","https://www.aidedd.org/dnd/om.php?vf=lunettes-de-nuit"
"Mailles éfrit","Cotte de mailles de l'éfrit","Efreeti Chain","Armure","légendaire","Lien","Bonus de +3 à la CA ; immunité aux dégâts de feu ; parler le primordial.","Dungeon Master´s Guide","https://www.aidedd.org/dnd/om.php?vf=mailles-efrit"
"Mailles elfiques","Chemise de mailles elfique","Elven Chain","Armure","rare","","Bonus de +1 à la CA ; maîtrise automatique de l'armure.","Dungeon Master´s Guide (SRD)","https://www.aidedd.org/dnd/om.php?vf=mailles-elfiques"
"Manteau de résistance aux sorts","","Mantle of Spell Resistance","Objet merveilleux","rare","Lien","","Dungeon Master´s Guide (SRD)","https://www.aidedd.org/dnd/om.php?vf=manteau-de-resistance-aux-sorts"
"Manuel d'exercices physiques","","Manual of Gainful Exercise","Objet merveilleux","très rare","","Augmente votre valeur de Force de 2 après avoir étudié le livre.","Dungeon Master´s Guide (SRD)","https://www.aidedd.org/dnd/om.php?vf=manuel-d-exercices-physiques"
"Manuel de vitalité","","Manual of Bodily Health","Objet merveilleux","très rare","","Augmente votre valeur de Constitution de 2 après avoir étudié le livre.","Dungeon Master´s Guide (SRD)","https://www.aidedd.org/dnd/om.php?vf=manuel-de-vitalite"
"Manuel de vivacité","","Manual of Quickness of Action","Objet merveilleux","très rare","","Augmente votre valeur de Dextérité de 2 après avoir étudié le livre.","Dungeon Master´s Guide (SRD)","https://www.aidedd.org/dnd/om.php?vf=manuel-de-vivacite"
"Manuel des golems","","Manual of Golems","Objet merveilleux","très rare","","","Dungeon Master´s Guide (SRD)","https://www.aidedd.org/dnd/om.php?vf=manuel-des-golems"
"Marteau de lancer nain","","Dwarven Thrower","Arme","très rare","Lien","Arme +3 ; +1d8 dégâts si lancée, et +2d8 contre un géant ; revient en main.","Dungeon Master´s Guide (SRD)","https://www.aidedd.org/dnd/om.php?vf=marteau-de-lancer-nain"
"Marteau de tonnerre","","Hammer of Thunderbolts","Arme","légendaire","","","Dungeon Master´s Guide (SRD)","https://www.aidedd.org/dnd/om.php?vf=marteau-de-tonnerre"
"Masse d'anéantissement","","Mace of Disruption","Arme","rare","Lien","+2d6 dégâts radiants contre un fiélon ou un mort-vivant ;  JdS de Sagesse ou détruit si moins de 25 pv ; émet de la lumière.","Dungeon Master´s Guide (SRD)","https://www.aidedd.org/dnd/om.php?vf=masse-d-aneantissement"
"Masse destructrice","","Mace of Smiting","Arme","rare","","Arme +1, +3 contre un artificiel ; +7 dégâts contondants cas de coup critique, +14 contre un artificiel.","Dungeon Master´s Guide (SRD)","https://www.aidedd.org/dnd/om.php?vf=masse-destructrice"
"Masse terrifiante","","Mace of Terror","Arme","rare","Lien","","Dungeon Master´s Guide (SRD)","https://www.aidedd.org/dnd/om.php?vf=masse-terrifiante"
"Médaillon des pensées","","Medallion of Thoughts","Objet merveilleux","peu commun","Lien","","Dungeon Master´s Guide (SRD)","https://www.aidedd.org/dnd/om.php?vf=medaillon-des-pensees"
"Menottes dimensionnelles","","Dimensional Shackles","Objet merveilleux","rare","","","Dungeon Master´s Guide (SRD)","https://www.aidedd.org/dnd/om.php?vf=menottes-dimensionnelles"
"Miroir d'emprisonnement","","Mirror of Life Trapping","Objet merveilleux","très rare","","","Dungeon Master´s Guide (SRD)","https://www.aidedd.org/dnd/om.php?vf=miroir-d-emprisonnement"
"Munition +1, +2 ou +3","","Ammunition +1, +2, or +3","Arme","peu commun (+1) rare (...","","Munition +1, +2 ou +3 (bonus aux jets d'attaque et de dégâts déterminé par la rareté de la munition).","Dungeon Master´s Guide (SRD)","https://www.aidedd.org/dnd/om.php?vf=munition-1-2-ou-3"
"Munition percutante","","Walloping Ammunition","Arme","commun","","Cette munition impose un jet de sauvegarde de Force pour ne pas tomber à terre.","Xanathar´s Guide to Everything","https://www.aidedd.org/dnd/om.php?vf=munition-percutante"
"Noir rasoir","","Blackrazor","Arme","légendaire","Lien","Arme +3 ; dévoreur d'âme ; chasseur d'âme,hâte; conscience ; dévorer des âmes.","Dungeon Master´s Guide","https://www.aidedd.org/dnd/om.php?vf=noir-rasoir"
"Oeil artificiel","","Ersatz Eye","Objet merveilleux","commun","Lien","Cet œil artificiel remplace un vrai œil qui aurait été perdu ou enlevé.","Xanathar´s Guide to Everything","https://www.aidedd.org/dnd/om.php?vf=oeil-artificiel"
"Oeil et Main de Vecna","","Eye and Hand of Vecna","Objet merveilleux","artéfact","Lien","","Dungeon Master´s Guide","https://www.aidedd.org/dnd/om.php?vf=oeil-et-main-de-vecna"
"Orbe boussole","","Orb of Direction","Objet merveilleux","commun","","Cet orbe permet de déterminer dans quelle direction se trouve le nord.","Xanathar´s Guide to Everything","https://www.aidedd.org/dnd/om.php?vf=orbe-boussole"
"Orbe des dragons","","Orb of Dragonkind","Objet merveilleux","artéfact","Lien","","Dungeon Master´s Guide (SRD)","https://www.aidedd.org/dnd/om.php?vf=orbe-des-dragons"
"Orbe horloge","","Orb of Time","Objet merveilleux","commun","","Cet orbe permet de déterminer si c'est le matin, l'après-midi, le soir ou la nuit à l'extérieur.","Xanathar´s Guide to Everything","https://www.aidedd.org/dnd/om.php?vf=orbe-horloge"
"Parchemin de protection","","Scroll of Protection","Parchemin","rare","","","Dungeon Master´s Guide (BR)","https://www.aidedd.org/dnd/om.php?vf=parchemin-de-protection"
"Parchemin de sort","","Spell Scroll","Parchemin","variable","","","Dungeon Master´s Guide (SRD)","https://www.aidedd.org/dnd/om.php?vf=parchemin-de-sort"
"Parfum envoûtant","","Perfume of Bwitching","Objet merveilleux","commun","","Confère un avantage à tous les jets de Charisme dirigés contre des humanoïdes de FP 1 durant 1 heure.","Xanathar´s Guide to Everything","https://www.aidedd.org/dnd/om.php?vf=parfum-envoutant"
"Perche de pêcheur","","Pole of Angling","Objet merveilleux","commun","","Cette perche se transforme en canne à pêche complète.","Xanathar´s Guide to Everything","https://www.aidedd.org/dnd/om.php?vf=perche-de-pecheur"
"Perche rétractable","","Pole of Collapsing","Objet merveilleux","commun","","Cette perche de 3 m peut se transformer en un bâton de 30 cm de long.","Xanathar´s Guide to Everything","https://www.aidedd.org/dnd/om.php?vf=perche-retractable"
"Perle de force","","Bead of Force","Objet merveilleux","rare","","","Dungeon Master´s Guide (SRD)","https://www.aidedd.org/dnd/om.php?vf=perle-de-force"
"Perle de pouvoir","Perle de thaumaturgie","Pearl of Power","Objet merveilleux","peu commun","Lien","","Dungeon Master´s Guide (SRD)","https://www.aidedd.org/dnd/om.php?vf=perle-de-pouvoir"
"Perle désaltérante","","Bead of Refreshment","Objet merveilleux","commun","","Cette perle transforme jusqu'à une pinte en eau potable fraîche.","Xanathar´s Guide to Everything","https://www.aidedd.org/dnd/om.php?vf=perle-desalterante"
"Perle nutritive","","Bead of Nourishment","Objet merveilleux","commun","","Cette perle fournit autant de nourriture qu'un jour de ration.","Xanathar´s Guide to Everything","https://www.aidedd.org/dnd/om.php?vf=perle-nutritive"
"Philtre d'amour","","Philter of Love","Potion","peu commun","","Vous êtes charmé durant 1 heure par la première créature que vous voyez dans les 10 min qui suivent après avoir bu ce philtre.","Dungeon Master´s Guide (SRD)","https://www.aidedd.org/dnd/om.php?vf=philtre-d-amour"
"Pierre de contrôle des élémentaires de la terre","","Stone of Controlling Earth Elementals","Objet merveilleux","rare","","","Dungeon Master´s Guide (SRD)","https://www.aidedd.org/dnd/om.php?vf=pierre-de-controle-des-elementaires-de-la-terre"
"Pierre de Ioun","","Ioun Stone","Objet merveilleux","variable","Lien","","Dungeon Master´s Guide (SRD)","https://www.aidedd.org/dnd/om.php?vf=pierre-de-ioun"
"Pierre porte-bonheur","","Stone of Good Luck (Luckstone)","Objet merveilleux","peu commun","Lien","","Dungeon Master´s Guide (SRD)","https://www.aidedd.org/dnd/om.php?vf=pierre-porte-bonheur"
"Pierres de communication à distance","Pierres messagères","Sending Stones","Objet merveilleux","peu commun","","Lancecommunication à distanceavec le porteur de l'autre pierre.","Dungeon Master´s Guide","https://www.aidedd.org/dnd/om.php?vf=pierres-de-communication-a-distance"
"Pigments merveilleux de Nolzur","","Nolzur's Marvelous Pigments","Objet merveilleux","très rare","","","Dungeon Master´s Guide (SRD)","https://www.aidedd.org/dnd/om.php?vf=pigments-merveilleux-de-nolzur"
"Pipe des monstres de fumée","","Pipe of Smoke Monsters","Objet merveilleux","commun","","Cette pipe expire une bouffée de fumée qui prend la forme d'une créature durant quelques secondes.","Xanathar´s Guide to Everything","https://www.aidedd.org/dnd/om.php?vf=pipe-des-monstres-de-fumee"
"Plume de Quaal","","Quaal's Feather Token","Objet merveilleux","rare","","","Dungeon Master´s Guide (SRD)","https://www.aidedd.org/dnd/om.php?vf=plume-de-quaal"
"Pot d'éveil","","Pot of Awakening","Objet merveilleux","commun","","Ce pot permet de faire pousser un arbuste qui se transformera en arbuste éveillé après 30 jours.","Xanathar´s Guide to Everything","https://www.aidedd.org/dnd/om.php?vf=pot-d-eveil"
"Potion d'agrandissement","","Potion of Growth","Potion","peu commun","","Confère l'effet ""agrandissement"" du sortagrandissement/rapetissementpendant 1d4 heures.","Dungeon Master´s Guide (SRD)","https://www.aidedd.org/dnd/om.php?vf=potion-d-agrandissement"
"Potion d'amitié avec les animaux","","Potion of Animal Friendship","Potion","peu commun","","Lanceamitié avec les animauxpour 1 heure.","Dungeon Master´s Guide (SRD)","https://www.aidedd.org/dnd/om.php?vf=potion-d-amitie-avec-les-animaux"
"Potion d'escalade","","Potion of Climbing","Potion","commun","","Confère une vitesse d'escalade égale à votre vitesse de marche pendant 1 heure.","Dungeon Master´s Guide (SRD)","https://www.aidedd.org/dnd/om.php?vf=potion-d-escalade"
"Potion d'héroïsme","","Potion of Heroism","Potion","rare","","Donne 10 pv temporaires et vous êtes sous l'effet du sortbénédictionpendant 1 heure.","Dungeon Master´s Guide (SRD)","https://www.aidedd.org/dnd/om.php?vf=potion-d-heroisme"
"Potion d'invisibilité","","Potion of Invisibility","Potion","très rare","","Vous devenez invisible pendant 1 heure.","Dungeon Master´s Guide (SRD)","https://www.aidedd.org/dnd/om.php?vf=potion-d-invisibilite"
"Potion d'invulnérabilité","","Potion of Invulnerability","Potion","rare","","Confère la résistance à tous les dégâts pendant 1 min.","Dungeon Master´s Guide (BR)","https://www.aidedd.org/dnd/om.php?vf=potion-d-invulnerabilite"
"Potion de clairvoyance","","Potion of Clairvoyance","Potion","rare","","Confère l'effet du sortclairvoyance.","Dungeon Master´s Guide (SRD)","https://www.aidedd.org/dnd/om.php?vf=potion-de-clairvoyance"
"Potion de diminution","","Potion of Diminution","Potion","rare","","Confère l'effet du sortagrandissement/rapetissementpendant 1d4 heures.","Dungeon Master´s Guide (SRD)","https://www.aidedd.org/dnd/om.php?vf=potion-de-diminution"
"Potion de force de géant","","Potion of Giant Strength","Potion","variable","","Change votre valeur de Force pendant 1 heure, de 21 à 29 selon le type de géant.","Dungeon Master´s Guide (SRD)","https://www.aidedd.org/dnd/om.php?vf=potion-de-force-de-geant"
"Potion de forme gazeuse","","Potion of Gaseous Form","Potion","rare","","Confère l'effet du sortforme gazeusependant 1 heure.","Dungeon Master´s Guide (SRD)","https://www.aidedd.org/dnd/om.php?vf=potion-de-forme-gazeuse"
"Potion de guérison","","Potion of Healing","Potion","variable","","Récupère des pv, de 2d4+2 à 10d4+20 selon la rareté de la potion.","Dungeon Master´s Guide (SRD)","https://www.aidedd.org/dnd/om.php?vf=potion-de-guerison"
"Potion de lecture des pensées","","Potion of Mind Reading","Potion","rare","","Confère l'effet du sortdétection des pensées.","Dungeon Master´s Guide (SRD)","https://www.aidedd.org/dnd/om.php?vf=potion-de-lecture-des-pensees"
"Potion de poison","Potion toxique","Potion of Poison","Potion","peu commun","","Inflige 3d6 dégâts de poison. Jet de sauvegarde de Constitution ou être empoisonné.","Dungeon Master´s Guide (SRD)","https://www.aidedd.org/dnd/om.php?vf=potion-de-poison"
"Potion de résistance","","Potion of Resistance","Potion","peu commun","","Confère une résistance à un type de dégâts pendant 1 heure.","Dungeon Master´s Guide (SRD)","https://www.aidedd.org/dnd/om.php?vf=potion-de-resistance"
"Potion de respiration aquatique","","Potion of Water Breathing","Potion","peu commun","","Confère la capacité de respirer sous l'eau pendant 1 heure.","Dungeon Master´s Guide (SRD)","https://www.aidedd.org/dnd/om.php?vf=potion-de-respiration-aquatique"
"Potion de souffle enflammé","","Potion of Fire Breath","Potion","peu commun","","Jet de sauvegarde de Dextérité ou 4d6 dégâts de feu (3 exhalations).","Dungeon Master´s Guide (BR)","https://www.aidedd.org/dnd/om.php?vf=potion-de-souffle-enflamme"
"Potion de vitalité","","Potion of Vitality","Potion","très rare","","Élimine l’épuisement et guérit toute maladie ou poison. Vous récupérez le maximum de pv pour chaque Dé de vie pendant 24 h.","Dungeon Master´s Guide (BR)","https://www.aidedd.org/dnd/om.php?vf=potion-de-vitalite"
"Potion de vitesse","","Potion of Speed","Potion","très rare","","Confère l'effet du sorthâtependant 1 min.","Dungeon Master´s Guide (SRD)","https://www.aidedd.org/dnd/om.php?vf=potion-de-vitesse"
"Potion de vol","","Potion of Flying","Potion","très rare","","Confère une vitesse de vol égale à votre vitesse de marche pendant 1 heure.","Dungeon Master´s Guide (SRD)","https://www.aidedd.org/dnd/om.php?vf=potion-de-vol"
"Poudre à éternuer","","Dust of Sneezing and Choking","Objet merveilleux","peu commun","","","Dungeon Master´s Guide (SRD)","https://www.aidedd.org/dnd/om.php?vf=poudre-a-eternuer"
"Poupée qui parle","","Talking Doll","Objet merveilleux","commun","Lien","Cette poupée peut prononcer jusqu'à six phrases quand elle se trouve dans des conditions que vous lui avez spécifiées.","Xanathar´s Guide to Everything","https://www.aidedd.org/dnd/om.php?vf=poupee-qui-parle"
"Poussière de disparition","","Dust of Disappearance","Objet merveilleux","peu commun","","","Dungeon Master´s Guide (SRD)","https://www.aidedd.org/dnd/om.php?vf=poussiere-de-disparition"
"Poussière dessiccative","","Dust of Dryness","Objet merveilleux","peu commun","","","Dungeon Master´s Guide (SRD)","https://www.aidedd.org/dnd/om.php?vf=poussiere-dessiccative"
"Puits des mondes","","Well of Many Worlds","Objet merveilleux","légendaire","","","Dungeon Master´s Guide (SRD)","https://www.aidedd.org/dnd/om.php?vf=puits-des-mondes"
"Puits portable","","Portable Hole","Objet merveilleux","rare","","","Dungeon Master´s Guide (SRD)","https://www.aidedd.org/dnd/om.php?vf=puits-portable"
"Regard charmeur","","Eyes of Charming","Objet merveilleux","peu commun","Lien","3 charges pour lancercharme-personne.","Dungeon Master´s Guide (SRD)","https://www.aidedd.org/dnd/om.php?vf=regard-charmeur"
"Robe aux étoiles","","Robe of Stars","Objet merveilleux","très rare","Lien","+1 aux jets de sauvegarde ; 6 charges pour lancerprojectile magique; entrer dans le plan Astral.","Dungeon Master´s Guide (SRD)","https://www.aidedd.org/dnd/om.php?vf=robe-aux-etoiles"
"Robe de camelot","","Robe of Useful Items","Objet merveilleux","peu commun","","","Dungeon Master´s Guide (SRD)","https://www.aidedd.org/dnd/om.php?vf=robe-de-camelot"
"Robe de l'archimage","","Robe of the Archmagi","Objet merveilleux","légendaire","Lien","","Dungeon Master´s Guide (SRD)","https://www.aidedd.org/dnd/om.php?vf=robe-de-l-archimage"
"Robe de vision totale","","Robe of Eyes","Objet merveilleux","rare","Lien","","Dungeon Master´s Guide (SRD)","https://www.aidedd.org/dnd/om.php?vf=robe-de-vision-totale"
"Robe prismatique","","Robe of Scintillating Colors","Objet merveilleux","très rare","Lien","","Dungeon Master´s Guide (SRD)","https://www.aidedd.org/dnd/om.php?vf=robe-prismatique"
"Rubis du mage de guerre","","Ruby of the War Mage","Objet merveilleux","commun","Lien","Ce rubis permet d'utiliser une arme courante ou de guerre comme focaliseur d'incantation pour vos sorts.","Xanathar´s Guide to Everything","https://www.aidedd.org/dnd/om.php?vf=rubis-du-mage-de-guerre"
"Sac à malices","","Bag of Tricks","Objet merveilleux","peu commun","","","Dungeon Master´s Guide (SRD)","https://www.aidedd.org/dnd/om.php?vf=sac-a-malices"
"Sac de haricots","","Bag of Beans","Objet merveilleux","rare","","","Dungeon Master´s Guide (SRD)","https://www.aidedd.org/dnd/om.php?vf=sac-de-haricots"
"Sac dévoreur","","Bag of Devouring","Objet merveilleux","très rare","","","Dungeon Master´s Guide (SRD)","https://www.aidedd.org/dnd/om.php?vf=sac-devoreur"
"Sac sans fond","","Bag of Holding","Objet merveilleux","peu commun","","","Dungeon Master´s Guide (SRD)","https://www.aidedd.org/dnd/om.php?vf=sac-sans-fond"
"Scarabée de protection","","Scarab of Protection","Objet merveilleux","légendaire","Lien","","Dungeon Master´s Guide (SRD)","https://www.aidedd.org/dnd/om.php?vf=scarabee-de-protection"
"Sceptre d'absorption","","Rod of Absorption","Sceptre","très rare","Lien","","Dungeon Master´s Guide (SRD)","https://www.aidedd.org/dnd/om.php?vf=sceptre-d-absorption"
"Sceptre de puissance seigneuriale","","Rod of Lordly Might","Sceptre","légendaire","Lien","","Dungeon Master´s Guide (SRD)","https://www.aidedd.org/dnd/om.php?vf=sceptre-de-puissance-seigneuriale"
"Sceptre de résurrection","","Rod of Resurrection","Sceptre","légendaire","Lien","5 charges pour lancerguérisonourésurrection.","Dungeon Master´s Guide","https://www.aidedd.org/dnd/om.php?vf=sceptre-de-resurrection"
"Sceptre de sécurité","","Rod of Security","Sceptre","très rare","","Téléporte jusqu'à 200 créatures consentantes dans un paradis extraplanaire. La durée varie selon le nombre de créatures.","Dungeon Master´s Guide (SRD)","https://www.aidedd.org/dnd/om.php?vf=sceptre-de-securite"
"Sceptre de suzeraineté","","Rod of Rulership","Sceptre","rare","Lien","Jet de sauvegarde de Sagesse ou être charmé pendant 8 h dans un rayon de 36 m.","Dungeon Master´s Guide (SRD)","https://www.aidedd.org/dnd/om.php?vf=sceptre-de-suzerainete"
"Sceptre de vigilance","","Rod of Alertness","Sceptre","très rare","Lien","Avantage aux jets de Perception et d'initiative ; lance 4 sorts de détection ; confère +1 à la CA et aux JdS (1/jour).","Dungeon Master´s Guide (SRD)","https://www.aidedd.org/dnd/om.php?vf=sceptre-de-vigilance"
"Sceptre du gardien des pactes","","Rod of the Pact Keeper","Sceptre","peu commun (+1) rare (...","Lien","Bonus aux jets d’attaque et de sauvegarde de vos sorts. Récupère un emplacement de sort (1/jour).","Dungeon Master´s Guide","https://www.aidedd.org/dnd/om.php?vf=sceptre-du-gardien-des-pactes"
"Sceptre inamovible","","Immovable Rod","Sceptre","peu commun","","Ce sceptre peut se fixer magiquement sur place et retenir jusqu'à 4000 kg.","Dungeon Master´s Guide (SRD)","https://www.aidedd.org/dnd/om.php?vf=sceptre-inamovible"
"Sceptre tentacule","","Tentacle Rod","Sceptre","rare","Lien","3 tentacules +9, allonge 4,50 m, 1d6 dégâts contondants, puis JdS de Constitution ou vitesse réduite de moitié.","Dungeon Master´s Guide (BR)","https://www.aidedd.org/dnd/om.php?vf=sceptre-tentacule"
"Selle du cavalier","Selle du hussard","Saddle of the Cavalier","Objet merveilleux","peu commun","","Cette selle permet de ne pas tomber de cheval contre sa volonté.","Dungeon Master´s Guide","https://www.aidedd.org/dnd/om.php?vf=selle-du-cavalier"
"Solvant universel","","Universal Solvent","Objet merveilleux","légendaire","","","Dungeon Master´s Guide (SRD)","https://www.aidedd.org/dnd/om.php?vf=solvant-universel"
"Sphère d'annihilation","","Sphere of Annihilation","Objet merveilleux","légendaire","","","Dungeon Master´s Guide (SRD)","https://www.aidedd.org/dnd/om.php?vf=sphere-d-annihilation"
"Submersible de Kwalish","","Apparatus of Kwalish","Objet merveilleux","légendaire","","","Dungeon Master´s Guide (SRD)","https://www.aidedd.org/dnd/om.php?vf=submersible-de-kwalish"
"Talisman de la sphère","","Talisman of the Sphere","Objet merveilleux","légendaire","Lien","","Dungeon Master´s Guide (SRD)","https://www.aidedd.org/dnd/om.php?vf=talisman-de-la-sphere"
"Talisman du bien ultime","","Talisman of Pure Good","Objet merveilleux","légendaire","Lien","","Dungeon Master´s Guide (SRD)","https://www.aidedd.org/dnd/om.php?vf=talisman-du-bien-ultime"
"Talisman du mal absolu","","Talisman of Ultimate Evil","Objet merveilleux","légendaire","Lien","","Dungeon Master´s Guide (SRD)","https://www.aidedd.org/dnd/om.php?vf=talisman-du-mal-absolu"
"Tapis volant","","Carpet of Flying","Objet merveilleux","très rare","","","Dungeon Master´s Guide (SRD)","https://www.aidedd.org/dnd/om.php?vf=tapis-volant"
"Tome de la langue nouée","","Tome of the Stilled Tongue","Objet merveilleux","légendaire","Lien","Lance un sort du grimoire sans dépenser d'emplacement de sort et sans utiliser de composante verbale ou somatique (1/jour).","Dungeon Master´s Guide","https://www.aidedd.org/dnd/om.php?vf=tome-de-la-langue-nouee"
"Traité d'autorité et d'influence","","Tome of Leadership and Influence","Objet merveilleux","très rare","","","Dungeon Master´s Guide (SRD)","https://www.aidedd.org/dnd/om.php?vf=traite-d-autorite-et-d-influence"
"Traité de compréhension","","Tome of Understanding","Objet merveilleux","très rare","","","Dungeon Master´s Guide (SRD)","https://www.aidedd.org/dnd/om.php?vf=traite-de-comprehension"
"Traité de perspicacité","","Tome of Clear Thought","Objet merveilleux","très rare","","","Dungeon Master´s Guide (SRD)","https://www.aidedd.org/dnd/om.php?vf=traite-de-perspicacite"
"Trident de domination aquatique","","Trident of Fish Command","Arme","peu commun","Lien","","Dungeon Master´s Guide (SRD)","https://www.aidedd.org/dnd/om.php?vf=trident-de-domination-aquatique"
"Tueuse de dragons","","Dragon Slayer","Arme","rare","","","Dungeon Master´s Guide (SRD)","https://www.aidedd.org/dnd/om.php?vf=tueuse-de-dragons"
"Tueuse de géants","","Giant Slayer","Arme","rare","","","Dungeon Master´s Guide (SRD)","https://www.aidedd.org/dnd/om.php?vf=tueuse-de-geants"
"Vengeresse sacrée","","Holy Avenger","Arme","légendaire","Lien","","Dungeon Master´s Guide (SRD)","https://www.aidedd.org/dnd/om.php?vf=vengeresse-sacree"
"Vêtements raccommodeurs","Habits autoréparateurs","Clothes of Mending","Objet merveilleux","commun","","Ces vêtements de voyageur se réparent magiquement contre l'usure quotidienne.","Xanathar´s Guide to Everything","https://www.aidedd.org/dnd/om.php?vf=vetements-raccommodeurs"
"Voleuse des neuf vies","Voleuse de vie","Nine Lives Stealer","Arme","très rare","Lien","Arme +2 ; 1d8+1 charges pour jet de sauvegarde de Constitution ou être tué instantanément en cas de coup critique.","Dungeon Master´s Guide (SRD)","https://www.aidedd.org/dnd/om.php?vf=voleuse-des-neuf-vies"
"Yeux de lynx","","Eyes of the Eagle","Objet merveilleux","peu commun","Lien","Confère un avantage aux jets de Sagesse (Perception) basés sur la vue.","Dungeon Master´s Guide (SRD)","https://www.aidedd.org/dnd/om.php?vf=yeux-de-lynx"
"Yeux grossissants","Lentilles de netteté","Eyes of Minute Seeing","Objet merveilleux","peu commun","","Confère un avantage aux jets d'Intelligence (Investigation) basés sur la vue.","Dungeon Master´s Guide (SRD)","https://www.aidedd.org/dnd/om.php?vf=yeux-grossissants"
